E,Party,Candidates,Vote,Percentage,Change
,Brexit ,"Richard Tice, Michael Heaver, June Mummery
Paul Hearn, Priscilla Huby, Sean Lever, Edmund Fordham ",604715,37.83,N/A 
,Liberal Democrat ,"Barbara Gibson, Lucy Nethsingha
Fionna Tod, Stephen Robinson, Sandy Walkington, Marie Goldman, Jules Ewart ",361563,22.62,15.72
,Green ,"Catherine Rowett
Rupert Read, Martin Schmierer, Fiona Radic, Paul Jeater, Pallavi Devulapalli, Jeremy Caddick ",202460,12.67,4.17
,Conservative ,"Geoffrey Van Orden
John Flack, Joe Rich, Thomas McLaren, Joel Charles, Wazz Mughal, Thomas Smith ",163830,10.25,-18.15
,Labour ,"Alex Mayer, Chris Vince, Sharon Taylor, Alvin Shum, Anna Smith, Adam Scott, Javeria Hussain ",139490,8.73,-8.57
,Change UK ,"Emma Taylor, Neil Carmichael, Bhavna Joshi, Michelle de Vries, Amanda Gummer, Thomas Graham, Roger Casale ",58274,3.65,N/A 
,UKIP ,"Stuart Agnew, Paul Oakley, Elizabeth Jones, William Ashpole, Alan Graves, John Wallace, John Whitby ",54676,3.42,-31.08
,English Democrat ,"Robin Tilbrook, Charles Vickers, Bridget Vickers, Paul Wiffen ",10217,0.64,-1.09
,Independent ,Attila Csordas ,3230,0.2,N/A
