E,Party,Candidates,Vote,Percentage,Change
,Conservative ,"Geoffrey van Orden, Robert Sturdy, Vicky Ford 
John Flack, Jonathan Morgan, Claire Strong, Clare Wheelan[17] ",500331,31.2,0.4
,UKIP ,"David Campbell Bannerman, Stuart Agnew 
Andrew Smith, Stuart Gulleford, Amy O'Boyle, Mick McGough, Michael Baker, Marion Mason[18] ",313921,19.6,0
,Liberal Democrat ,"Andrew Duff 
Linda Jack, Ian Mack, Peter Welch, Earnshaw Palmer, Andrew Houseley, Qurban Hussain[19] ",221235,13.8,−0.2 
,Labour ,"Richard Howitt 
Beth Kelly, Nigel Gardner, Sherma Batson, James Valentine, Kate Curtis, Chris Ostrowski[20] ",167833,10.5,−5.8 
,Green ,"Rupert Read, Peter Lynn, James Abbott, Marc Scheimann, Angela Thomson, Andrew Stringer, Amy Drayson[21] ",141016,8.8,3.2
,BNP ,"Eddy Butler, Emma Colgate, Stephen McCole, David Fleming, David Lucas, Mark Fuller, Seamus Dunne[22] ",97013,6.1,1.7
,UK First ,"Robin Page, Peter Cole, Charles Lawson, John West, Arthur Baynes[23] ",38185,2.4,N/A 
,English Democrat ,"Robin Tilbrook, Charles Vickers, John Cooper, Raymond Brown, Adrian Key, Nicholas Capp, Patrick Harris[24] ",32211,2,0.2
,Christian ,"Jeremy Tyrrell, Kim Christofi, John Jackson, Grace Oghenegare, Rev Dr Albert Usikaro, Douglas Suckling, Sally Craig[25] ",24646,1.5,N/A 
,NO2EU ,"Brian Denny, Frank Jepson, Steve Glennon, Phil Katz, Eleanor Donne, Pete Relph, Ron Rodwell[15] ",13939,0.9,N/A 
,Socialist Labour ,"James Dry, Patricia Bowen, Paul Hardman, Martha Page-Harries, Jacob Bowen, Miriam Scale, Andrew Jordan ",13599,0.8,N/A 
,Animals Count ,"Jasmijn de Boo, Alexander Bourke, Richard Deboo ",13201,0.8,N/A 
,Libertas ,"Andrew Jamieson, Peter Mason, John Dowdale, Carlo de Chair, Henry Burton, John Harmer, Peter Robbins ",9940,0.6,N/A 
,Independent ,Peter Rigby ,9916,0.6,N/A 
,Jury Team ,"Andrew Armes, Ian Tyes, Stephen Garton, Jules Sherrington, Andrew Parker, Michael Yates[26] ",6354,0.4,N/A
