E,Party,Candidates,Vote,Percentage,Change
,Conservative ,"Robert Sturdy, Christopher Beazley, Bashir Khanbhai, Geoffrey van Orden 
Robert Gordon, Kay Twitchen, Graham Bright, Charles Rose ",425091,42.7,N/A 
,Labour ,"Eryl McNally, Richard Howitt 
Clive Needle, Peter Truscott, David Thomas, Virginia Bucknor, Beth Kelly, Ruth Bagnall ",250132,25.1,N/A 
,Liberal Democrat ,"Andrew Duff 
Rosalind Scott, Robert Browne, Lorna Spenceley, Chris White, Charlotte Cane, Paul Burall, Rosalind Gill ",118822,11.9,N/A 
,UKIP ,"Jeffrey Titford 
Bryan Smalley, Brian Lee, Tom Wise, Roger Lord, Charles Lawman, Ashley Banks, William Vinyard ",88452,8.9,N/A 
,Green ,"Margaret Wright, Marc Scheimann, Eleanor Burgess, Malcolm Powell, James Abbott, Jennifer Berry, Angela Thomson, Adrian Holmes ",61334,6.2,N/A 
,Liberal ,"Brian Lynch, Michael Wheeler, Raymond Pobgee, Vernon Wilkinson, Adrian Miners, John Tyler, Edgar Davis, Christopher Ash ",16861,1.7,N/A 
,Pro-Euro Conservative ,"Paul Howell, Brian Hughes, Jackie Sheppard, Chris Cooke, Marilyn Munn, Mark McCartney, Tim Chisnall, Tim Price ",16340,1.6,N/A 
,BNP ,"David King, Paul Ferguson, John Morse, Ramon Johns, Paul Henderson, Matthew Palmer, John Cope, Thomas Stone ",9356,0.9,N/A 
,Socialist Labour ,"Charles De Carteret, Nicola Harau, Paul Lockwood, Stephanie Gardner, Michael Benwell, Mick Rose, Jean Fawcett, Andrew Yates ",6143,0.6,N/A 
,Natural Law ,"Patrice Gladwyn, Bryan Parsons, Angela Holland, Peter While, Stephanie Bennell, Alistair Shearer, Ann Keenan, Christopher Edwards ",1907,0.2,N/A
