E,Party,Candidates,Vote,Percentage,Change
,UKIP ,"Patrick O'Flynn, Stuart Agnew, Tim Aker 
Michael Heaver, Mick McGough, Andy Monk, Mark Hughes[8][9] ",542812,34.5,14.9
,Conservative ,"Vicky Ford, Geoffrey van Orden, David Campbell Bannerman 
John Flack, Tom Hunt, Margaret Simons, Jonathan Collett[9][10] ",446569,28.4,−2.8 
,Labour ,"Richard Howitt 
Alex Mayer, Sandy Martin, Bhavna Joshi, Paul Bishop, Jane Basham, Chris Ostrowski[11][9] ",271601,17.3,6.8
,Green ,"Rupert Read, Mark Ereira-Guyer, Jill Mills, Ash Haynes, Marc Scheimann, Robert Lindsay, Fiona Radic [12][9] ",133331,8.5,−0.3 
,Liberal Democrat ,"Andrew Duff, Josephine Hayes, Belinda Brooks-Gordon, Stephen Robinson, Michael Green, Linda Jack, Hugh Annand [13][9] ",108010,6.9,−6.9 
,An Independence from Europe ,"Paul Kevin Wiffen, Karl Berresford Davies, Raymond Charles Mitchell Spalding, Edmond Max Rosenthal, Rupert Smith, Dennis James Wiffen, Betty Patricia Wiffen[9] ",26564,1.7,N/A 
,English Democrat ,"Robin Tilbrook, Charles Vickers, Stephen Goldspink, Maria Situmbeko, Bridget Cowan, Don Whitbread, Jeremy Moreton-Moss[14][10][9] ",16497,1.1,−1.0 
,BNP ,"Richard Andrew Perry, Christopher Eric Livingstone, Mark James Burmby, Paul Stephen Hooks, Stephen Leonard Smith, Philip David Howell, Michael Edward Braun[9][10] ",12465,0.8,−5.3 
,Christian Peoples ,"Carl Shaun Clark, Mark Anthony Clamp, Chris Olley, Stephen John Todd, Jane Elizabeth Clamp, Kirsty Evans, Kevin John Austin[9] ",11627,0.7,N/A 
,NO2EU ,"Brian Denny, Frank Jepson, Steve Glennon, Phil Katz, Eleanor Donne, Pete Relph, Ron Rodwell[15] ",4870,0.3,−0.6 
