E,Party,Candidates,Vote,Percentage,Change
,Conservative ,"Geoffrey van Orden, Robert Sturdy, Christopher Beazley 
Jonathan Morgan, Claire Strong, Richard Normington ",465526,30.8,−11.9 
,UKIP ,"Jeffrey Titford, Tom Wise 
Robin Page, Stuart Agnew, Bryan Smalley, Brian Aylett, Roger Lord ",296160,19.6,10.7
,Labour ,"Richard Howitt 
Elizabeth Kelly, Clive Needle, Sandra Griffiths, Nigel Gardner, Valerie Liddiard, Mark Wells ",244929,16.2,−8.9 
,Liberal Democrat ,"Andrew Duff 
Christopher White, Anne Pollard, Rosalind Gill, Guillaume McLaughlin, Earnshaw Palmer, Nahid Boethe ",211378,14,2.1
,Independent ,Martin Bell ,93028,6.2,N/A 
,Green ,"Margaret Wright, Adrian Ramsay, James Abbott, Marc Scheimann, Ingo Wagenknecht, Stephen Rackett, Stephen Lawrence ",84068,5.6,−0.6 
,BNP ,"Matthew Single, Paul Goodchild, Ramon Johns, Bernard Corby, Sidney Chaney, Peter Turpin[28] ",65557,4.3,3.4
,English Democrat ,"Robert Kay, James Samuels, Adrian Key, Gloria Meredew, Michael Blundell ",26807,1.8,N/A 
,Respect ,"Jim Rogers, Maz Cook, Adrian Clarke, Hasna Matin, Paul Turnbull, Marie Bunting, Timothy Sneller ",13904,0.9,N/A 
,Independent ,Jim Naisbitt ,5137,0.3,N/A 
,ProLife Alliance ,"Sarah Bell, Thomas Hoey, Beata Klepacka, John Matthews, Michael McBrien, Gregory Tagney, Clare Underwood ",3730,0.3,N/A
