L,Party,Candidates,Vote,Percentage,Change
,Conservative ,"Theresa Villiers, John Bowis, Charles Tannock
Syed Kamall, Ian Twinn, Roseanne Serrelli, Heather Leigh Mendelsohn, Ashok Kumaar ",504941,26.8,−5.9 
,Labour ,"Claude Moraes, Mary Honeyball, Robert Evans
Anita Pollack, Hugh Malyan, Steph Elsy, Munir Malik, Jane Briginshaw, Jo Ejiofor ",466584,24.8,−10.3 
,Liberal Democrat ,"Sarah Ludford
Jonathan Fryer, John Stevens, Dinti Wakefield, Ian McDonald, Kishwer Falkner, Nigel Bakhai, Keith Moffitt, Sandra Lawman ",288790,15.3,3.7
,UKIP ,"Gerard Batten
Damian Hockney, Christopher Pratt, John De Roeck, Anthony Scholefield, Janice Cronin, Kathleen Garner, Harun Khan, Ralph Atkinson ",232633,12.3,6.9
,Green ,"Jean Lambert
Paul Ingram, Judy Maciejowska, Timothy Turner, Christopher Cotton, Douglas Earl, Shahrar Ali, Peter Budge, Joseph Healy ",158986,8.4,0.8
,Respect ,"George Galloway, Unjum Mirza, Elaine Graham-Leigh, Paul Foot, Rita Carter, John Mulrenan, Victoria Brittain, Gary McFarlane, Ken Loach ",91175,4.8,N/A 
,BNP ,"Christopher Roberts, Tess Culnane, Lee Barnes, James Seadon, John Bowles, Jay Lee, John Evans, Alan Bailey, Lawrence Rustem ",76152,4,2.5
,Christian Peoples ,"Michael Elmer, Genevieve Hibbs, Peter Flower, Keith McLeod, Debra Smith-Gorick, Douglas Gibbons, Roger Glencross, Glenton Downs ",45038,2.4,N/A 
,English Democrat ,"Robin Tilbrook, Timothy Bragg, Terence Brown, Robert Howells, Alan Sutton, Robert Poulton ",15945,0.9,N/A 
,People's Party for Better Government ,Christopher Prior ,5205,0.3,N/A
