L,Party,Candidates,Vote,Percentage,Change
,Labour ,"Pauline Green, Claude Moraes, Robert Evans, Richard Balfe
Carole Tongue, Shaun Spiers, Mary Honeyball, Munir Malik, Pam Wharfe, Michael Elliott ","399,466 
(99,866.5) ",35,N/A 
,Conservative ,"Theresa Villiers, Charles Tannock, Lord Bethell, John Bowis
Ian Twinn, Andrew Popat,[19] Andrew Boff, Bene't Steinberg, John Flack, Angela Harvey ","372,989 
(93,247.25) ",32.7,N/A 
,Liberal Democrat ,"Sarah Ludford
Hugh Dykes, Susan Kramer, Jonathan Fryer, Hilary Leighter, Nick Pinfield, Sue Doughty, Andrew Wiseman, Nikki Thomson, Peter Facey ",133058,11.7,N/A 
,Green ,"Jean Lambert
Niki Kortvelyessy, Jenny Jones, Shane Collins, John William Bradley, Vicky Olliver, Hils Jago, Jayne Forbes, Dean Walton, Michael Stimson ",87545,7.7,N/A 
,UKIP ,"Craig Mackinlay, Damian Hockney, Josie O'Ware, Gerald Roberts, Chris Pratt, James Carver, Michael Harvey, Tony Scholefield, John de Roeck, Mark Lester ",61741,5.4,N/A 
,Socialist Labour ,"Arthur Scargill, Novjot Brar, Hardy Singh Dhillon, Amanda Rose, John Hendy, Harpal Brar, Eloisa Rule, Robert Siggins, John Hayball, Joe Marino ",19632,1.7,N/A 
,BNP ,"John Tyndall, Kenneth Francis, Paul Borg, Michael Davidson, Valerie Tyndall, Jean Griffin, Ruth Tagg, Michael Carey, Christopher Jury, Mark Tointan ",17960,1.6,N/A 
,Liberal ,"Maria Williamson, Mark Austin, Robin Almond, Rif Winfield, Anne Bradshaw, Roger Jenking, Gerald Williams, Donald Bruce, Peter White, Jennifer Roach ",16951,1.5,N/A 
,Pro-Euro Conservative ,"Marcelle d'Argy Smith, Harriet Crawley, Catherine Moorhouse, Richard Wassell, Sir Anthony Meyer, Martin Sexton, Mary-Anne Widdicombe, Stephen Haseler, Joanne Ezekiel, Daniel Trup ",16383,1.4,N/A 
,"Architect, Human Rights Peace in Europe ",George Hajifanis ,4851,0.4,N/A 
,Anti-Value added tax ,Erol Basarik ,2596,0.2,N/A 
,Humanist ,"Jon Swinden, Judith Earley, Tony Robinson, Robert Harris, Simon Peters, Simon Domingo, Joanna Spearman, Anna Louise Swinden, Mammo Muchie, Jennifer Wright ",2586,0.2,N/A 
,The Hemp Coalition ,Gordon Webster ,2358,0.2,N/A 
,Natural Law ,"Geoffrey Clements, Richard Johnson, Anthony Hardy, Susan Hamza, Gerard Valente, Judith Thomas, Alexander Hankey, Philomena Quick, Jonathan Hinde, Charles Hueston ",2263,0.2,N/A 
,Weekly Worker ,"Anne Murphy, Stanley Kelsey, Marcus Larsen, Peter Mansen, Phillip Kent, Jim Gilbert, Andrew Hanna ",846,0.1,N/A
