L,Party,Candidates,Vote,Percentage,Change
,Liberal Democrat ,"Irina Von Wiese, Dinesh Dhamija, Luisa Porritt
Jonathan Fryer, Hussain Khan, Helen Cross, Graham Colley, Rabina Khan ",608725,27.2,+20.4% 
,Labour ,"Claude Moraes, Seb Dance
, Katy Clark, Laura Parker, Murad Qureshi, Taranjit Kaur Chana, James Beckles, Sanchia Alasia ",536810,23.9,-12.7% 
,Brexit ,"Benyamin Habib, Lance Forman
, Graham Shore, Alka Cuthbert, Jimi Ogunnusi, Simon Marcus, Mehrtash A'zami, Aileen Quinton ",400257,17.9,+17.9% 
,Green ,"Scott Ainslie
Gulnar Hasnain, Shahrar Ali, Rachel Collinson, Eleanor Margolies, Remco van der Stoep, Kirsten De Keyser, Peter Underwood ",278957,12.4,+3.5% 
,Conservative ,"Syed Kamall, Charles Tannock, Joy Morrissey, Tim Barnes, Scott Pattenden, Attic Rahman, Kirsty Finlayson, Luke Parker ",177964,7.9,-14.6% 
,Change UK ,"Gavin Esler, Jacek Rostowski, Carole Tongue, Annabel Mullin, Karen Newman, Nora Mulready, Jessica Simor, Haseeb Ur-Rehman ",117635,5.2,+5.2% 
,UKIP ,"Gerard Batten, Richard Braine, Peter Muswell, Freddy Vachha, Robert Stephenson, Peter McIlvenna, John Poynton, Ronie Johnson ",46497,2.1,-14.8% 
,Animal Welfare ,"Vanessa Hudson, Jane Smith, Sam Morland, Ranjan Joshi, Mina Da Rui, Jonathan Homan, Simon Gouldman ",25232,1.1,+0.2% 
,Women’s Equality ,"Catherine Mayer, Bea Gare, Nanci Hogan, Aliyah Dunbar-Hussain, Hannah Barham-Brown, Alison Marshall, Olivia Vincenti, Leyla Mohan ",23766,1.1,+1.1% 
,UK EU ,"Pierre Kirk, Richard Stevens, Saleyha Ahsan, Anna Novikova, Angela Antetomaso, Richard Boardman ",18806,0.8,+0.8% 
,Independent ,Claudia Mcdowell ,1036,0.0,
,Independent ,Daze Aghaji ,1018,0.0,
,Independent ,Roger Hallam ,924,0.0,
,Independent ,Kofi Klu ,869,0.0,
,Independent ,Andrea Venzon ,731,0.0,
,Independent ,Mike Shad ,707,0.0,
,Independent ,Zoe Lafferty ,436,0.0,
,Independent ,Andrew Medhurst ,430,0.0,
,Independent ,Alan Kirkby ,401,0.0,
,Independent ,Ian Sowden ,254,0.0,
,Independent ,Henry Muss ,226,0.0,
