L,Party,Candidates,Vote,Percentage,Change
,Conservative ,"Charles Tannock, Syed Kamall, Marina Yannakoudakis
Jean-Paul Floru, Warwick Lightfoot, Bob Seeley, Graham Postles, Alison Sproule ","479,037 
(159,679) ",27.4,0.6
,Labour ,"Claude Moraes, Mary Honeyball
Anne Fairweather, Kevin McGrath, Emma Jones, Raj Jethwa, Nilgun Canver ","372,590 
(186,295) ",21.3,−3.5 
,Liberal Democrat ,"Sarah Ludford
Jonathan Fryer, Dinti Batstone, Christopher Le Breton, John Pindar, Simon James, Caroline Persson, Ben Jones ",240156,13.7,−1.6 
,Green ,"Jean Lambert
Ute Michel, Shahrar Ali, Joseph Healy, Miranda Dunn, Shasha Khan, George Graham, Priya Shah ",190589,10.9,2.5
,UKIP ,"Gerard Batten
Ralph Atkinson, Michael Zuckerman, Tim Worstall, Sunita Webb, Victor Webb, Strachan McDonald, Geoff Howard, Marcus Watney ",188440,10.8,−1.6 
,BNP ,"Bob Bailey, Michael Barnbrook, Dennis Pearce, Julian Leppert, Roberta Woods, Chris Forster, John Clarke, John Evans ",86420,4.9,0.9
,Christian ,"George Hargreaves, Susan May, Paula Warren, Stephen Hammond, Mary Boyle, Suzanne Fernandez, Peter Ljubisic, David Williams ",51336,2.9,N/A 
,Independent ,Jan Jananayagam[14] ,50014,2.9,N/A 
,English Democrat ,"Roger Cooper, Graham Dare, Satvinder Singh Chagger, Graham Wood, Arvind Tailor, Elaine Cheeseman, David Stevens, Janus Polenceus ",24477,1.4,0.6
,NO2EU ,"Bob Crow, John Hendry, Mary Davis, Kevin Nolan, Syed Islam, Onay Kasab, John Rowe, Nick Wrack ",17758,1,N/A 
,Socialist Labour ,"Arthur Scargill, Amanda Rose, Colin Muir, Linda Muir, Ronald Sinclair, Margaret Sharkey, Alan Jones, Carole Whatham ",15306,0.9,N/A 
,Libertas ,"Max Burt, Victoria Wood, Susannah Prins, Peter Lloyd, Herbert Crossman, Dominique Field ",8444,0.4,N/A 
,Jury Team ,"Reza Tabrisi, Evan Milner, Lucy O'Sullivan-McCormick, Afshin Payravi, Thomas Mulcahy, Sherif Malak, David Littlejohn, Gregory Williams ",7284,0.4,N/A 
,Independent ,Steven Cheung ,4918,0.3,N/A 
,Socialist (GB) ,"Danny Lambert, Tristan Miller, Janet Carter, Bill Martin, Adam Buick, Simon Wigley, Frederick Allen, Patricia Deutz ",4050,0.2,N/A 
,Yes2Europe ,Brendan Donnelly ,3384,0.2,N/A 
,Independent ,Sohale Rahman[15] ,3248,0.2,N/A 
,Independent ,Gene Alcantara[16] ,1972,0.1,N/A 
,Independent ,Haroon Saad ,1603,0.1,N/A
