L,Party,Candidates,Vote,Percentage,Change
,Labour ,"Claude Moraes, Mary Honeyball, Lucy Anderson, Seb Dance, 
Ivana Bartoletti, Kamaljeet Jandu, Sanchia Alasia, Andrea Biondi ","806,959
(201,739.75) ",36.67,15.4
,Conservative ,"Syed Kamall, Charles Tannock, 
Marina Yannakoudakis, Caroline Attfield, Lynne Hack, Sheila Lawlor, Glyn Chambers, Annesley Abercorn ","495,639
(247,819.5) ",22.52,−4.8 
,UKIP ,"Gerard Batten, 
Paul Oakley, Elizabeth Jones, Lawrence Webb, Alastair McFarlane, Andrew McNeilis, Anthony Brown, Peter Whittle ",371133,16.87,6.1
,Green ,"Jean Lambert, 
Caroline Allen, Haroon Saad, Shahrar Ali, Danny Bates, Tracey Hague, Violeta Vajda, Amelia Womack ",196419,8.93,−2.0 
,Liberal Democrat ,"Sarah Ludford, Jonathan Fryer, Richard Davis, Anuja Prashar, Rosina Robson, Turhan Ozen, Simon James, Matt McLaren ",148013,6.73,−7.0 
,4 Freedoms Party ,"Dirk Hazell, NoelleAnne O'Sullivan, Geoff Gibas, Aline Doussin, Andrew Bell, Deborah Phillips, Royston Flude, Brendan Donnelly ",28014,1.27,N/A 
,An Independence from Europe ,"Patrick Burns, Marlene Daniel, Gareth Griffiths, Munpreet Bhathal, Sharon Greenfield, Eddie Yeoman, Fred Atkins, Jean Atkins ",26675,1.21,N/A 
,Christian Peoples ,"Sid Cordle, Yemi Awolola, Ashley Dickenson, Sharmilla Swarma, Laurence Williams, Ethel Odiete, Kevin Nicholls, Steven Hammond ",23702,1.08,−1.9 
,National Health Action ,"Louise Irvine, Chidi Ejimofo, Marcus Chown, Kathryn Anderson, Rufus Hound, Jessica Ormerod, Andrew Sharp, Alex Ashman ",23253,1.06,N/A 
,Animal Welfare ,"Vanessa Hudson, Alexander Bourke, Kirsteen Williamson-Guinn, Andrew Knight, Dimple Patel, Meg Mathews, Guy Dessoy, Ranjan Joshi ",21092,0.96,N/A 
,BNP ,"Stephen Squire, Donna Treanor, Paul Sturdy, John Clarke, David Furness, Cliff le May, Ray Underwood, Kevin Lazell ",19246,0.87,−4.1 
,Europeans Party ,"Tommy Tomescu, Andrzej Rygielski, Vanessa Del Carmen Guerrero Rodriguez, Robin Ashenden, Emil Rusanov, Georgios Papagrigorakis ",10712,0.5,N/A 
,English Democrat ,"Jenny Knight, Matthew Roberts, Maggi Young, Graham Clipperton, Gary Butler, Nick Capp, Louise Dutton, Natalie Smith ",10142,0.5,−0.9 
,Communities United ,"Kamran Malik, Humera Kamran, Cydatty Bogie, Mary Coleman Daniels, Idris Aden Ali, Reuben Edokpayi, Sunita Kaur Singh, Joanne Flanders ",6951,0.3,N/A 
,National Liberal ,"Graham Williamson, Jagdeesh Singh, Sockalingham Yogalingam, Doris Jones, Upkar Singh Rai, Yuseef Anwar, Araz Yurdseven, Bernard Dube ",6736,0.3,N/A 
,NO2EU ,"Edward Dempsey, Alexander Gordon, April Ashley, Annie Ngemi, Mary Davis, Paula Mitchell, Natasha Horau, Michael Clarty ",3804,0.2,N/A 
