NE,Party,Candidates,Vote,Percentage,Change
,Labour ,"Stephen Hughes
Fay Tinnon, Nick Wallis[16] ",147338,25,−9.1 
,Conservative ,"Martin Callanan
Barbara Musgrave, Richard Bell[17] ",116911,19.8,1.2
,Liberal Democrat ,"Fiona Hall
Chris Foote-Wood, Neil Bradbury[18] ",103644,17.6,−0.2 
,UKIP ,"Gordon Parkin, Sandra Allison, John Tennant[19] ",90700,15.4,3.2
,BNP ,"Adam Walker, Peter Mailer, Ken Booth[20] ",52700,8.9,2.5
,Green ,"Shirley Ford, Iris Ryder, Nic Best[21] ",34081,5.8,1
,English Democrat ,"Frank Roseman, Allan White, Garham Robinson ",13007,2.2,N/A 
,Socialist Labour ,"Michael York, John Taylor, James Dodsworth ",10238,1.7,N/A 
,NO2EU ,"Martin Levy, Hannah Walter, Peter Pinkney ",8066,1.4,N/A 
,Christian ,"Don Botham, Daniel Parker, Coral Thompson ",7263,1.2,N/A 
,Libertas ,"Ken Rollings, Alasdair Macleod, William Tremlett ",3010,0.5,N/A 
,Jury Team ,"Ahmed Khan, Jackie Riley[22] ",2904,0.5,N/A
