NE,Party,Candidates,Vote,Percentage,Change
,Labour ,"Judith Kirton-Darling, Paul Brannen
Jayne Shotton[6][7] ",221988,36.5,11.5
,UKIP ,"Jonathan Arnott
Richard Elvin, Phillip Broughton[7][8] ",177660,29.2,13.8
,Conservative ,"Martin Callanan, Ben Houchen, Andrew Lee[7][9] ",107733,17.7,−2.1 
,Liberal Democrat ,"Angelika Schneider, Owen Temple, Christian Vassie[7][10] ",36093,5.9,−11.6 
,Green ,"Shirley Ford, Alison Whalley, Caroline Robinson[7][11] ",31605,5.2,−0.6 
,An Independence from Europe ,"Sherri Forbes, Nawal Hizan, Mary Forbes[7] ",13934,2.3,N/A 
,BNP ,"Martin Vaughan, Lady Dorothy Brooks, Peter Foreman[7][12] ",10360,1.7,−7.2 
,English Democrat ,"Kevin Riddiough, Sam Kelly, John Lewis[7][13] ",9279,1.5,−0.7 
