NE,Party,Candidates,Vote,Percentage,Change
,Brexit ,"Brian Monteith, John Tennant
Richard Monaghan ",240056,38.73,38.73
,Labour ,"Jude Kirton-Darling
Paul Brannen, Clare Penny-Evans ",119931,19.35,-17.12
,Liberal Democrat ,"Fiona Hall, Julie Pörksen, Aidan King ",104330,16.83,10.9
,Green ,"Rachel Featherstone, Jonathan Elmer, Dawn Furness ",49905,8.05,2.86
,Conservative ,"Richard Lawrie, Chris Galley, Duncan Crute ",42395,6.84,-10.86
,UKIP ,"Richard Elvin, Christopher Gallacher, Alan Breeze ",38269,6.17,-23.02
,Change UK ,"Frances Weetman, Penny Hawley, Kathryn Heywood ",24968,4.03,4.03
