NE,Party,Candidates,Vote,Percentage,Change
,Labour ,"Alan Donnelly, Stephen Hughes, Mo O'Toole
Gordon Adam ",162573,42.2,N/A 
,Conservative ,"Martin Callanan
Aidan Ruff, Brendan Murphy, Neil Macgregor ",105573,27.4,N/A 
,Liberal Democrat ,"Chris Foote Wood, Fiona Hall, Peter Maughan, Jane Harvey ",52070,13.5,N/A 
,UKIP ,"Rodney Atkinson, William Brown, Martin Rouse, Graeme Oswald ",34063,8.8,N/A 
,Green ,"Nicolas Best, Ruth Whiteside, Bridget Speight, Michael Greveson ",18184,4.7,N/A 
,Socialist Labour ,"Brian Gibson, Gordon Potts, James Fitzpatrick, Kenneth Hall ",4511,1.2,N/A 
,BNP ,"Alan Gould, John Bowles, Iain Wilson, Colin Smith[26] ",3505,0.9,N/A 
,Pro-Euro Conservative ,"Dominic Tilley, Marie Adams, Desmond Harney, John Meredith ",2926,0.8,N/A 
,Socialist (GB) ,"John Bisset, Steven Colborn, Stephen Davison, Andrew Pitts ",1510,0.4,N/A 
,Natural Law ,"Paul Kember, Richard Buswell, Richard Keyton, Christopher Adamson ",826,0.2,N/A
