NE,Party,Candidates,Vote,Percentage,Change
,Labour ,"Stephen Hughes
Mo O'Toole, Joanne Thompson ",266057,34.1,−8.1 
,Conservative ,"Martin Callanan
Jeremy Middleton, Amanda Vigar ",144969,18.6,−8.8 
,Liberal Democrat ,"Fiona Hall
Chris Wood, Gregory Stone ",138791,17.8,4.3
,UKIP ,"Piers Merchant, Charlotte Bull, Val Cowell ",94887,12.2,3.3
,BNP ,"Alan Patterson, Andrew Harris, Jenny Agnew[24] ",50249,6.4,5.5
,Independent ,Neil Herron ,39658,5.1,N/A 
,Green ,"Pam Woolner, Nic Best, Judith Brennan ",37247,4.8,0.1
,Respect ,"Yvonne Ridley, Yunus Bakhsh, David Stewart ",8633,1.1,N/A
