SE,Party,Candidates,Vote,Percentage,Change
,Conservative ,"Daniel Hannan, Richard Ashworth, Nirj Deva, James Elles 
Therese Coffey, Sarah Richardson, Richard Robinson, Tony Devenish, Niina Kaariniemi, Marc Brunel-Walker ",812288,34.8,-0.4
,UKIP ,"Nigel Farage, Marta Andreasen 
Steve Harris, Phillip Van der Elst, Harry Aldridge, Victor Webb, Christopher Browne, Andrew Moncreiff, Mark Stroud, Rob Burberry, Mahzar Manzoor, Ray Finch ",440002,18.8,-0.7
,Liberal Democrat ,"Sharon Bowles, Catherine Bearder 
Ben Abbots, Jim Barnard, Antony Hook, Zoe Patrick, Gary Lawson, David Grace, John Vincent, James Walsh ",330340,14.1,-1.2
,Green ,"Caroline Lucas 
Keith Taylor, Derek Wall, Miriam Kennet, Jason Kitcat, Hazel Dawe, Jonathan Essex, Matthew Ledbury, Steve Dawe, Beverley Golden ",271506,11.6,3.8
,Labour ,"Peter Skinner 
Janet Sully, Bob Fromont, Lisa Homan, Stephen Alambritis, Janet Keene, Munir Malik, Silke Thomson-Pottebohm, Rajinder Sandhu, Sukhi Dhaliwal ",192592,8.2,-5.4
,BNP ,"Tim Rait, Donna Bailey, Mark Burke, Andrew Emerson, Lynne Mozar, David Little, Peter Lane, Brian Horne, Adam Champneys, Andy McBride ",101769,4.4,1.4
,English Democrat ,"Steve Uncles, David Knight, Mike Tibby, Sean Varnham, Cllr Clive Maltby, Laurence Williams, Elizabeth Painter, Gerald Lambourne, John Griffiths, George Herbert ",52526,2.2,0.9
,Christian ,"Anthony May, Peter Joyce, Christabel McLean-Bacchus, William Thompson, David Ashton, Alexander Wilson, David Hews, Debra Smith-Gorick, Je'ran Cherub, Kenneth Scrimshaw ",35712,1.5,N/A 
,NO2EU ,"Dave Hill, Garry Hassell, Kevin Hayes, Owen Morris, Gawain Little, Robert Wilkinson, Jacqui Berry, Nick Wright, Nick Chaffey, Sarah Wrack ",21455,0.9,N/A 
,Libertas ,"Kevin O'Connell, Daniel Hill, Neil Glass, Chloe Woodhead, Guy Lambert, Graheme Leon-Smith, Peter Grace, Nicholas Heather, David Peace ",16767,0.7,N/A 
,Socialist Labour ,"Derek Isaacs, Paramjit Singh Bahia, John McLeod, Ian Fyvie, Patricia Ruiz, Richard Mooney, Maureen Stubbings, Derek Stubbings, Mary Byrne, Eleanor Little ",15484,0.7,N/A 
,UK First ,"Petrina Holdsworth, John Petley, Martin Haslam, Jennifer Parsons ",15261,0.7,N/A 
,Jury Team ,"Nick Trew, Nonie Bouverat, Lyn Tofari, Geoff Howard, Gerry Brierley, Anant Vyas, Michael Guest, Tony Sansum, John Lenton ",14172,0.6,N/A 
,Peace ,"John Morris, Geoffery Pay, Jim Duggan, Julie Roxburgh, Keith Scott, Shafaq Iqbal, Jenny Watson, Marcus Trower, Jeff Bolam, David Brown ",9534,0.4,-0.2
,Roman Party ,Jean-Louis Pascal ,5450,0.2,N/A
