SE,Party,Candidates,Vote,Percentage,Change
,Conservative ,"Daniel Hannan, Nirj Deva, James Elles, Richard Ashworth 
Roy Perry, Therese Coffey, David Logan, Ferris Cowper, Richard Robinson ",776370,35.2,−9.2 
,UKIP ,"Nigel Farage, Ashley Mote 
David Lott, Craig Mackinlay, Timothy Cross, Petrina Holdsworth, David Abbott, Stephen Harris, Michael Wigley, Lisa Hawkins ",431111,19.5,9.8
,Liberal Democrat ,"Chris Huhne, Baroness Nicholson of Winterbourne 
Sharon Bowles, Catherine Bearder, James Walsh, Ann Lee, John Vincent, John Ford, Charles Fraser-Fleming, James Barnard ",338342,15.3,0
,Labour ,"Peter Skinner 
Mark Watts, Ann Davison, Simon Burgess, Janet Sully, Mark Muller, Josephine Wood, Raj Chandarana, Gillian Roles, David Menon ",301398,13.7,−5.9 
,Green ,"Caroline Lucas 
Mike Woodin, Miriam Kennet, Keith Taylor, Alan Francis, Xanthe Bevis, Hazel Dawe, Derek Wall, Anthony Cooper, Michael Stimson ",173351,7.9,0.5
,BNP ,"Brian Galloway, Julie Russell, Timothy Rait, Peter Lane, Roger Robertson, Julian Crewe, Adam Champneys, Ian Johnson, Dennis Whiting, Vernon Atkinson[19] ",64877,2.9,2.1
,Senior Citizens Party ,"Grahame Leon-Smith, David Gray, Patrick Eston, Rona Brown, Paresh Kotecha, Larry Kreeger, Michael Devine, Terry Patinson, Ian Murdoch, Alfred Egleton ",42861,1.9,N/A 
,English Democrat ,"Steven Uncles, Robert Sulley, Courtney Williams, Richard Sutton, Jacqueline Brookman, David Uncles, Louise Uncles ",29126,1.3,N/A 
,Respect ,"Ingrid Dodd, Patrick O'Keeffe, Muriel Hirsch, Ajaz Khan, Sally Watkins, Jonathan Molyneux, Norman Thomas, Ella Noyes, Bunny La Roche, Angelina Rai ",13426,0.9,N/A 
,Peace ,"John Morris, Caroline O'Reilly, Geoffrey Pay, Rachel Hancock, James Duggan, Kate Hebden, Cyril Bolam, Carol Morris, Anne Brewer ",12572,0.6,N/A 
,Christian Peoples ,"David John Bamber, David Campanale, Gladstone Macaulay ",11733,0.5,N/A 
,ProLife Alliance ,"Dominica Roberts, Gillian Duval, Josephine Quintavalle, Penelope Orford, Mark Carroll, Rebecca Ng, John Dixon, Francis O'Brien, Yvonne Windsor, Carl St John ",6579,0.3,N/A 
,Independent ,Philip Rhodes ,5671,0.3,N/A
