SE,Party,Candidates,Vote,Percentage,Change
,Brexit ,"Nigel Farage, Alexandra Lesley Phillips, Robert Andrew Rowland, Belinda Claire De Camborne Lucy
James Gilbert Bartholomew, Christopher Graham Ellis, John Kennedy, Matthew Peter Taylor, George Thomas Stahel Farmer, Peter David Wiltshire ",915686,36.07,N/A 
,Liberal Democrat ,"Catherine Bearder, Antony Hook, Judith Bunting
Martin Paul Niebuhr Tod, Elizabeth Pendrill Raphael Leffman, Christopher Alan Bowers, Giles Damian Goodall, Ruvi Ziegler, Nicholas David Stanford Perry, John William Vincent ",653743,25.75,17.71
,Green ,"Alexandra Phillips
Elise Danielle Benjamin, Vix Lowthion, Leslie Christine Groves Williams, Phelim Mac Cafferty, Jan Hendrik Jamison Doerfel, Larry Sanders, Isabella Lina Marie Moir, Oliver Sykes, Jonathan Christopher St.Aubyn Essex ",343249,13.52,4.46
,Conservative ,"Daniel Hannan
Nirj Deva, Richard McDonald Robinson, Mike Whiting, Juliette Katherine Christie Ash, Anna Firth, Adrian Pepper, Clarence Mitchell, Neva Sadikoglu-Novaky, Caroline Anne Newton ",260277,10.25,-20.7
,Labour ,"John Howarth
Cathy Shutt, Arran Richard Neathey, Emma Christina Turnbull, Rohit K. Dasgupta, Amy Lauren Fowler, Duncan Shaw Thomas Enright, Lubna Aiysha Arshad, Simon Guy Burgess, Rachael Eowyn Ward ",184678,7.27,-7.39
,Change UK ,"Richard Ashworth, Victoria Groulef, Warren Morgan, Eleanor Mary Fuller, Robin John Bextor, Nicholas Mazzei, Suzana Carp, Phil Murphy, Heather Marion Allen, Diane Helen Yeo ",105832,4.17,N/A 
,Socialist (GB) ,"Mandy Bruce, Raymond Dennis Carr, David Stanley Chesham, Robert Alexander Cox, Michael Foster, Stephen Harper, Neil Kirk, Anton Charles Pruden, Andrew Brian Thomas-Emans, Darren James Williams ",3505,0.14,-0.1
,UK EU ,"Pacelli Ndikumana, Clinton Powe ",7645,0.3,0.3
,UKIP ,"Piers Wauchope, Elizabeth Fletcher Philips, Daryll James Pitcher, Martin Toby Brothers, Tony Gould, Clive Keith Egan, Troy De Leon, Alan Harvey Stone, Judy Moore, Patricia Ann Mountain ",56487,2.22,-29.91
,Independent ,Jason Guy Spencer McMahon ,3650,0.14,N/A 
,Independent ,David Victor Round ,2606,0.1,N/A 
,Independent ,Michael Jeffrey Turberville ,1587,0.06,N/A
