SE,Party,Candidates,Vote,Percentage,Change
,UKIP ,"Nigel Farage, Janice Atkinson, Diane James, Ray Finch 
Donna Edmunds, Patricia Culligan, Nigel Jones, Alan Stevens, Simon Strutt, Barry Cooper[12][13] ",751439,32.14,13.29
,Conservative ,"Daniel Hannan, Nirj Deva, Richard Ashworth 
Marta Andreasen, Richard Robinson, Graham Knight, Julie Marson, George Jeffrey, Rory Love, Adrian Pepper[13] ",723571,30.95,-3.84
,Labour ,"Anneliese Dodds 
John Howarth, Emily Westley, James Swindlehurst, Farah Nazeer, James Watkins, Maggie Hughes, Chris Clark, Karen Landles, Tracey Hill[13] ",342775,14.66,6.41
,Green ,"Keith Taylor, 
Alexandra Phillips, Derek Wall, Jason Kitcat, Miriam Kennet, Beverley Golden, Jonathan Essex, Jonathan Kent, Stuart Jeffrey, Ray Cunningham[13] ",211706,9.05,-2.57
,Liberal Democrat ,"Catherine Bearder 
Antony Hook, Dinti Batstone, Giles Goodall, Ian Bearder, Allis Moss, Steve Sollitt, Bruce Tennent, John Vincent, Alan Bullion[13] ",187876,8.04,-6.11
,Independence from Europe ,"Laurence Stassen, Joyce Nattress, Paul Godfrey, Alan Sheath, Ken Holton, Mark Henry, Keith Vernon, Michaelina Argy, Seana Connolly, Dorothy Sheath[13] ",45199,1.93,N/A 
,English Democrat ,"Steve Uncles, Julia Gasper, Amanda Hopwood, Simone Clark, Steve Clegg, Milly Uncles, Mike Russell, Mike Tibby, Doreen Dye, William James[13] ",17771,0.76,-1.49
,BNP ,"John Robinson, Gavin Miller, Eric Elliot, John Moore, Alwyn Deacon, Anthony Banner, Brenda Waterhouse, Mark Jones, Jack Renshaw, Yvonne Deacon[13] ",16909,0.72,-3.64
,Christian Peoples ,"Norman Burnett, Suzanne Fernandes, Flora Amar, Rev Anthony, Dorothy Mugara, Kayode Shedowo, Bridget Oyekan, Nnenna St Luce, Chukka Roja[13] ",14893,0.64,-0.89
,Peace ,"John Morris, Jim Duggan, Julie Roxburgh, Jeff Bolam, Geoff Pay, David Brown, Keith Scott, Imdad Hussain, Minim Chowdhury, Charles Wilkinson[13] ",10130,0.43,0.02
,Socialist (GB) ,"Dave Chesham, Rob Cox, Les Courtney, Sean Deegan, Max Hess, Claudia Hogg-Blake, Danny Lambert, Andy Matthews, Howard Pilott, Mike Young[13] ",5454,0.23,N/A 
,Roman Party ,Jean-Louis Pascual[13] ,2997,0.13,-0.11
,YOURvoice ,"Julian James, Rachel Ling, Fulvia James[14][13] ",2.932,N/A ,N/A 
,Liberty GB ,"Paul Weston, Enza Ferreri, Jack Buckby[13] ",2494,0.13,N/A 
,Harmony Party ,"Tony Leach, Raymond Crick[13] ",1904,0.08,N/A 
