SE,Party,Candidates,Vote,Percentage,Change
,Conservative ,"James Provan, Roy Perry, Daniel Hannan, James Elles, Nirj Deva 
Bryony, Baroness Bethell, Edward Kellett-Bowman, Alison Parry, Jeremy Mayhew, Barry Tanswell, Richard Ashworth ",661932,44.4,N/A 
,Labour ,"Peter Skinner, Mark Watts 
Anita Pollack, Anne Snelgrove, Parmjit Dhanda, Ann Davison, Tamara Flanagan, John Howarth, Liz Clements, Alison Chapman, Sarah McCarthy-Fry ",292146,19.6,N/A 
,Liberal Democrat ,"Baroness Nicholson of Winterbourne, Chris Huhne 
Sharon Bowles, David Bellotti, Jo Hawkins, James Walsh, Barbara Hewett-Silk, Gerald Vernon-Jackson, Catherine Bearder, Christopher Berry, Dorothy Webb ",228136,15.3,N/A 
,UKIP ,"Nigel Farage 
Christopher Skeate, Tony Stone, Michael Phillips, Bernard Collignon, Ron Walters, Lynda Ross, Harold Green, Kim Rose, Michael Knight, Rob McWhirter ",144514,9.7,N/A 
,Green ,"Caroline Lucas 
Mike Woodin, Alan Francis, Pete West, Hazel Dawe, Steve Dawe, Alastair Stark, Johnny Denis, Lorraine E. Serrecchia, Laurence Littman, Julian Salmon ",110571,7.4,N/A 
,Pro-Euro Conservative ,"John Stevens, Richard Basset, Anthony Frost, Anahita Gonzalez-Moreno, Mark Littlewood, Rebecca Pickering, Peter Sutters, Alan Armitage, Jonathan Swift, David Hurford-Jones, Richard Carswell ",27305,1.8,N/A 
,BNP ,"Michael Easter, Dennis Whiting, Robert Andrews, Gordon Callow, Mark Cray, Ian Dell, Matthew Gould, Richard Molesworth, Margaret Stones, Christopher Telford, Kevin Yates ",12161,0.8,N/A 
,Socialist Labour ,"Katrina Howse, Ian Fyvie, Nathan Parkin, Hannah Williams, Ken King, Sarah Hipperson, Monica Anne Parkin, John McCleod, Kenneth Ray, John Hayward, Michael Allen ",7281,0.5,N/A 
,Natural Law ,"Peter Warburton, Nigel Kahn, John Oldbury, Jeremy Bowler, John Douglas-Small, Paul Cragg, Paul Levy, Bernard Bence, William Treend, Robert Stephens, John Hunter Thompson ",2767,0.2,N/A 
,Open Democracy for Stability ,Brian Bundy ,1857,0.1,N/A 
,Making a Profit in Europe ,John Goss ,1400,0.1,N/A
